team_a,team_b,rivalry_name,first_meeting,latest_meeting,meetings,source,source_type,verification_status
Middle Tennessee,Western Kentucky,100 Miles of Hate,1914,2025,75,https://en.wikipedia.org/wiki/List_of_NCAA_college_football_rivalry_games,wikipedia_table_row,confirmed_real_source
Air Force,Colorado State,Air Force-Colorado State (Ram-Falcon Trophy),1957,2025,63,https://en.wikipedia.org/wiki/List_of_NCAA_college_football_rivalry_games,wikipedia_table_row,confirmed_real_source
Air Force,Hawaii,Air Force-Hawaii (Kuter Trophy),1966,2025,24,https://en.wikipedia.org/wiki/List_of_NCAA_college_football_rivalry_games,wikipedia_table_row,confirmed_real_source
Akron,Kent State,Akron-Kent State (Wagon Wheel),1923,2025,68,https://en.wikipedia.org/wiki/List_of_NCAA_college_football_rivalry_games,wikipedia_table_row,confirmed_real_source
Alabama,Clemson,Alabama-Clemson,1900,2019,19,https://en.wikipedia.org/wiki/List_of_NCAA_college_football_rivalry_games,wikipedia_table_row,confirmed_real_source
Alabama,Florida,Alabama-Florida,1916,2021,42,https://en.wikipedia.org/wiki/List_of_NCAA_college_football_rivalry_games,wikipedia_table_row,confirmed_real_source
Alabama,Georgia,Alabama-Georgia,1895,2025,76,https://en.wikipedia.org/wiki/List_of_NCAA_college_football_rivalry_games,wikipedia_table_row,confirmed_real_source
Alabama,Georgia Tech,Alabama-Georgia Tech,1902,1984,52,https://en.wikipedia.org/wiki/List_of_NCAA_college_football_rivalry_games,wikipedia_table_row,confirmed_real_source
Alabama,LSU,Alabama-LSU,1895,2025,90,https://en.wikipedia.org/wiki/List_of_NCAA_college_football_rivalry_games,wikipedia_table_row,confirmed_real_source
Alabama,Ole Miss,Alabama-Ole Miss,1894,2023,71,https://en.wikipedia.org/wiki/List_of_NCAA_college_football_rivalry_games,wikipedia_table_row,confirmed_real_source
Alabama,Penn State,Alabama-Penn State,1959,2011,15,https://en.wikipedia.org/wiki/List_of_NCAA_college_football_rivalry_games,wikipedia_table_row,confirmed_real_source
Washington,Washington State,Apple Cup,1900,2025,117,https://en.wikipedia.org/wiki/List_of_NCAA_college_football_rivalry_games,wikipedia_table_row,confirmed_real_source
Illinois,Missouri,Arch Rivalry,1896,2010,24,https://en.wikipedia.org/wiki/List_of_NCAA_college_football_rivalry_games,wikipedia_table_row,confirmed_real_source
Arizona,New Mexico,Arizona-New Mexico,1908,2024,68,https://en.wikipedia.org/wiki/List_of_NCAA_college_football_rivalry_games,wikipedia_table_row,confirmed_real_source
Arkansas,LSU,Arkansas-LSU (Golden Boot),1901,2025,71,https://en.wikipedia.org/wiki/List_of_NCAA_college_football_rivalry_games,wikipedia_table_row,confirmed_real_source
Arkansas,Ole Miss,Arkansas-Ole Miss,1908,2025,72,https://en.wikipedia.org/wiki/List_of_NCAA_college_football_rivalry_games,wikipedia_table_row,confirmed_real_source
Arkansas,Texas,Arkansas-Texas,1894,2025,81,https://en.wikipedia.org/wiki/List_of_NCAA_college_football_rivalry_games,wikipedia_table_row,confirmed_real_source
Arkansas,Texas A&M,Arkansas-Texas A&M (Southwest Classic),1903,2025,82,https://en.wikipedia.org/wiki/List_of_NCAA_college_football_rivalry_games,wikipedia_table_row,confirmed_real_source
Arkansas,Texas Tech,Arkansas-Texas Tech,1957,2024,38,https://en.wikipedia.org/wiki/List_of_NCAA_college_football_rivalry_games,wikipedia_table_row,confirmed_real_source
Army,Navy,Army-Navy Game,1890,2025,126,https://en.wikipedia.org/wiki/List_of_NCAA_college_football_rivalry_games,wikipedia_table_row,confirmed_real_source
Army,Notre Dame,Army-Notre Dame,1913,2024,52,https://en.wikipedia.org/wiki/List_of_NCAA_college_football_rivalry_games,wikipedia_table_row,confirmed_real_source
Auburn,Clemson,Auburn-Clemson,1899,2017,51,https://en.wikipedia.org/wiki/List_of_NCAA_college_football_rivalry_games,wikipedia_table_row,confirmed_real_source
Auburn,Florida,Auburn-Florida,1912,2019,84,https://en.wikipedia.org/wiki/List_of_NCAA_college_football_rivalry_games,wikipedia_table_row,confirmed_real_source
Auburn,Georgia,Deep South's Oldest Rivalry,1892,2023,128,https://en.wikipedia.org/wiki/List_of_NCAA_college_football_rivalry_games,wikipedia_table_row,confirmed_real_source
Auburn,Georgia Tech,Auburn-Georgia Tech,1892,2005,92,https://en.wikipedia.org/wiki/List_of_NCAA_college_football_rivalry_games,wikipedia_table_row,confirmed_real_source
Auburn,Ole Miss,Auburn-Ole Miss,1928,2023,48,https://en.wikipedia.org/wiki/List_of_NCAA_college_football_rivalry_games,wikipedia_table_row,confirmed_real_source
Auburn,Tennessee,Auburn-Tennessee,1900,2020,54,https://en.wikipedia.org/wiki/List_of_NCAA_college_football_rivalry_games,wikipedia_table_row,confirmed_real_source
Auburn,Tulane,Auburn-Tulane,1902,2019,38,https://en.wikipedia.org/wiki/List_of_NCAA_college_football_rivalry_games,wikipedia_table_row,confirmed_real_source
Pittsburgh,West Virginia,Backyard Brawl,1895,2025,108,https://en.wikipedia.org/wiki/List_of_NCAA_college_football_rivalry_games,wikipedia_table_row,confirmed_real_source
Ball State,Northern Illinois,Ball State-Northern Illinois (Bronze Stalk),1941,2025,53,https://en.wikipedia.org/wiki/List_of_NCAA_college_football_rivalry_games,wikipedia_table_row,confirmed_real_source
Alabama,Mississippi State,Battle for Highway 82,1896,2023,108,https://en.wikipedia.org/wiki/List_of_NCAA_college_football_rivalry_games,wikipedia_table_row,confirmed_real_source
Nevada,UNLV,Battle for Nevada (Fremont Cannon),1969,2025,51,https://en.wikipedia.org/wiki/List_of_NCAA_college_football_rivalry_games,wikipedia_table_row,confirmed_real_source
Cincinnati,Miami (OH),Battle for the Bell,1888,2024,128,https://en.wikipedia.org/wiki/List_of_NCAA_college_football_rivalry_games,wikipedia_table_row,confirmed_real_source
Marshall,Ohio,Battle for the Bell,1905,2019,60,https://en.wikipedia.org/wiki/List_of_NCAA_college_football_rivalry_games,wikipedia_table_row,confirmed_real_source
Southern Miss,Tulane,Battle for the Bell,1979,2023,33,https://en.wikipedia.org/wiki/List_of_NCAA_college_football_rivalry_games,wikipedia_table_row,confirmed_real_source
South Alabama,Troy,Battle for the Belt,2012,2025,14,https://en.wikipedia.org/wiki/List_of_NCAA_college_football_rivalry_games,wikipedia_table_row,confirmed_real_source
Memphis,UAB,Battle for the Bones,1997,2025,18,https://en.wikipedia.org/wiki/List_of_NCAA_college_football_rivalry_games,wikipedia_table_row,confirmed_real_source
SMU,TCU,Battle for the Iron Skillet,1915,2025,104,https://en.wikipedia.org/wiki/List_of_NCAA_college_football_rivalry_games,wikipedia_table_row,confirmed_real_source
Michigan State,Penn State,Battle for the Land Grant,1914,2025,39,https://en.wikipedia.org/wiki/List_of_NCAA_college_football_rivalry_games,wikipedia_table_row,confirmed_real_source
Jacksonville State,Troy,Battle for the Ol' School Bell,1924,2025,64,https://en.wikipedia.org/wiki/List_of_NCAA_college_football_rivalry_games,wikipedia_table_row,confirmed_real_source
Middle Tennessee,Troy,Battle for the Palladium,1936,2020,21,https://en.wikipedia.org/wiki/List_of_NCAA_college_football_rivalry_games,wikipedia_table_row,confirmed_real_source
LSU,Tulane,Battle for the Rag,1893,2009,98,https://en.wikipedia.org/wiki/List_of_NCAA_college_football_rivalry_games,wikipedia_table_row,confirmed_real_source
Fresno State,San Jose State,Battle for the Valley,1921,2025,88,https://en.wikipedia.org/wiki/List_of_NCAA_college_football_rivalry_games,wikipedia_table_row,confirmed_real_source
Arkansas,Missouri,Battle Line Rivalry,1906,2025,17,https://en.wikipedia.org/wiki/List_of_NCAA_college_football_rivalry_games,wikipedia_table_row,confirmed_real_source
New Mexico State,UTEP,Battle of I-10 (Silver Spade),1914,2025,102,https://en.wikipedia.org/wiki/List_of_NCAA_college_football_rivalry_games,wikipedia_table_row,confirmed_real_source
James Madison,Liberty,Battle of the Blue Ridge,1980,2025,19,https://en.wikipedia.org/wiki/List_of_NCAA_college_football_rivalry_games,wikipedia_table_row,confirmed_real_source
Baylor,Texas A&M,Battle of the Brazos,1899,2011,108,https://en.wikipedia.org/wiki/List_of_NCAA_college_football_rivalry_games,wikipedia_table_row,confirmed_real_source
Miami (OH),Ohio,Battle of the Bricks,1908,2025,102,https://en.wikipedia.org/wiki/List_of_NCAA_college_football_rivalry_games,wikipedia_table_row,confirmed_real_source
Utah,Utah State,Battle of the Brothers,1892,2024,113,https://en.wikipedia.org/wiki/List_of_NCAA_college_football_rivalry_games,wikipedia_table_row,confirmed_real_source
North Carolina,South Carolina,Battle of the Carolinas,1903,2023,60,https://en.wikipedia.org/wiki/List_of_NCAA_college_football_rivalry_games,wikipedia_table_row,confirmed_real_source
Louisiana,Louisiana Monroe,Battle on the Bayou (Wooden Boot),1951,2025,61,https://en.wikipedia.org/wiki/List_of_NCAA_college_football_rivalry_games,wikipedia_table_row,confirmed_real_source
Baylor,Houston,Baylor-Houston,1950,2025,31,https://en.wikipedia.org/wiki/List_of_NCAA_college_football_rivalry_games,wikipedia_table_row,confirmed_real_source
Baylor,TCU,Baylor-TCU (Bluebonnet Battle),1899,2025,121,https://en.wikipedia.org/wiki/List_of_NCAA_college_football_rivalry_games,wikipedia_table_row,confirmed_real_source
Baylor,Texas,Baylor-Texas,1901,2023,113,https://en.wikipedia.org/wiki/List_of_NCAA_college_football_rivalry_games,wikipedia_table_row,confirmed_real_source
Baylor,Texas Tech,Baylor-Texas Tech,1929,2024,83,https://en.wikipedia.org/wiki/List_of_NCAA_college_football_rivalry_games,wikipedia_table_row,confirmed_real_source
Oklahoma,Oklahoma State,Bedlam Series,1904,2023,118,https://en.wikipedia.org/wiki/List_of_NCAA_college_football_rivalry_games,wikipedia_table_row,confirmed_real_source
California,Stanford,Big Game (The Axe),1892,2025,128,https://en.wikipedia.org/wiki/List_of_NCAA_college_football_rivalry_games,wikipedia_table_row,confirmed_real_source
San Jose State,Stanford,Bill Walsh Legacy Game,1900,2025,69,https://en.wikipedia.org/wiki/List_of_NCAA_college_football_rivalry_games,wikipedia_table_row,confirmed_real_source
Memphis,Southern Miss,Black and Blue Bowl,1935,2012,63,https://en.wikipedia.org/wiki/List_of_NCAA_college_football_rivalry_games,wikipedia_table_row,confirmed_real_source
Boise State,Fresno State,Boise State-Fresno State (Milk Can),1977,2025,27,https://en.wikipedia.org/wiki/List_of_NCAA_college_football_rivalry_games,wikipedia_table_row,confirmed_real_source
Boise State,Nevada,Boise State-Nevada,1971,2025,47,https://en.wikipedia.org/wiki/List_of_NCAA_college_football_rivalry_games,wikipedia_table_row,confirmed_real_source
Kansas,Missouri,Border War,1891,2025,121,https://en.wikipedia.org/wiki/List_of_NCAA_college_football_rivalry_games,wikipedia_table_row,confirmed_real_source
Clemson,Florida State,Clemson-Florida State,1970,2023,36,https://en.wikipedia.org/wiki/List_of_NCAA_college_football_rivalry_games,wikipedia_table_row,confirmed_real_source
Clemson,Georgia,Clemson-Georgia,1897,2021,65,https://en.wikipedia.org/wiki/List_of_NCAA_college_football_rivalry_games,wikipedia_table_row,confirmed_real_source
Clemson,Georgia Tech,Clemson-Georgia Tech,1898,2023,89,https://en.wikipedia.org/wiki/List_of_NCAA_college_football_rivalry_games,wikipedia_table_row,confirmed_real_source
Clemson,South Carolina,Palmetto Bowl,1896,2025,122,https://en.wikipedia.org/wiki/List_of_NCAA_college_football_rivalry_games,wikipedia_table_row,confirmed_real_source
Coastal Carolina,Liberty,Coastal Carolina-Liberty,2003,2020,15,https://en.wikipedia.org/wiki/List_of_NCAA_college_football_rivalry_games,wikipedia_table_row,confirmed_real_source
Colorado,Kansas State,Colorado-Kansas State,1912,2010,66,https://en.wikipedia.org/wiki/List_of_NCAA_college_football_rivalry_games,wikipedia_table_row,confirmed_real_source
Colorado,Nebraska,Colorado-Nebraska,1898,2023,72,https://en.wikipedia.org/wiki/List_of_NCAA_college_football_rivalry_games,wikipedia_table_row,confirmed_real_source
Maryland,Navy,Crab Bowl Classic,1905,2010,21,https://en.wikipedia.org/wiki/List_of_NCAA_college_football_rivalry_games,wikipedia_table_row,confirmed_real_source
Appalachian State,Georgia Southern,Deeper than Hate,1932,2023,38,https://en.wikipedia.org/wiki/List_of_NCAA_college_football_rivalry_games,wikipedia_table_row,confirmed_real_source
Mississippi State,Ole Miss,Egg Bowl,1901,2025,120,https://en.wikipedia.org/wiki/List_of_NCAA_college_football_rivalry_games,wikipedia_table_row,confirmed_real_source
Alabama,Auburn,Iron Bowl,1893,2025,90,https://en.wikipedia.org/wiki/List_of_NCAA_college_football_rivalry_games,wikipedia_table_row,confirmed_real_source
Michigan,Michigan State,Michigan-Michigan State (Paul Bunyan Trophy),1898,2023,116,https://en.wikipedia.org/wiki/List_of_Big_Ten_Conference_football_rivalry_games,wikipedia_table_row,confirmed_real_source
Michigan,Minnesota,Michigan-Minnesota (Little Brown Jug),1892,2024,106,https://en.wikipedia.org/wiki/List_of_Big_Ten_Conference_football_rivalry_games,wikipedia_table_row,confirmed_real_source
Michigan,Northwestern,Michigan-Northwestern (George Jewett Trophy),1892,2021,76,https://en.wikipedia.org/wiki/List_of_Big_Ten_Conference_football_rivalry_games,wikipedia_table_row,confirmed_real_source
Michigan,Ohio State,The Game,1897,2023,119,https://en.wikipedia.org/wiki/List_of_Big_Ten_Conference_football_rivalry_games,wikipedia_table_row,confirmed_real_source
Michigan,Notre Dame,Michigan-Notre Dame,1887,2025,45,https://en.wikipedia.org/wiki/List_of_NCAA_college_football_rivalry_games,wikipedia_table_row,confirmed_real_source
Minnesota,Nebraska,Minnesota-Nebraska ($5 Bits of Broken Chair),1900,2025,64,https://en.wikipedia.org/wiki/List_of_Big_Ten_Conference_football_rivalry_games,wikipedia_table_row,confirmed_real_source
Minnesota,Penn State,Minnesota-Penn State,1993,2024,17,https://en.wikipedia.org/wiki/List_of_Big_Ten_Conference_football_rivalry_games,wikipedia_table_row,confirmed_real_source
Minnesota,Wisconsin,Minnesota-Wisconsin (Paul Bunyan's Axe),1890,2024,134,https://en.wikipedia.org/wiki/List_of_Big_Ten_Conference_football_rivalry_games,wikipedia_table_row,confirmed_real_source
Nebraska,Wisconsin,Nebraska-Wisconsin (Freedom Trophy),1901,2022,16,https://en.wikipedia.org/wiki/List_of_Big_Ten_Conference_football_rivalry_games,wikipedia_table_row,confirmed_real_source
Ohio State,Penn State,Ohio State-Penn State,1912,2022,38,https://en.wikipedia.org/wiki/List_of_Big_Ten_Conference_football_rivalry_games,wikipedia_table_row,confirmed_real_source
Oregon,Washington,Oregon-Washington,1900,2025,117,https://en.wikipedia.org/wiki/List_of_Big_Ten_Conference_football_rivalry_games,wikipedia_table_row,confirmed_real_source
Nebraska,Oklahoma,Nebraska-Oklahoma,1912,2023,89,https://en.wikipedia.org/wiki/List_of_NCAA_college_football_rivalry_games,wikipedia_table_row,confirmed_real_source
North Carolina,NC State,North Carolina-NC State,1894,2023,113,https://en.wikipedia.org/wiki/List_of_NCAA_college_football_rivalry_games,wikipedia_table_row,confirmed_real_source
North Carolina,Wake Forest,North Carolina-Wake Forest,1888,2022,110,https://en.wikipedia.org/wiki/List_of_NCAA_college_football_rivalry_games,wikipedia_table_row,confirmed_real_source
Northwestern,Notre Dame,Northwestern-Notre Dame,1889,2018,49,https://en.wikipedia.org/wiki/List_of_NCAA_college_football_rivalry_games,wikipedia_table_row,confirmed_real_source
Notre Dame,Pittsburgh,Notre Dame-Pittsburgh,1909,2023,73,https://en.wikipedia.org/wiki/List_of_NCAA_college_football_rivalry_games,wikipedia_table_row,confirmed_real_source
Notre Dame,Purdue,Notre Dame-Purdue (Shillelagh Trophy),1896,2021,87,https://en.wikipedia.org/wiki/List_of_NCAA_college_football_rivalry_games,wikipedia_table_row,confirmed_real_source
Notre Dame,Stanford,Notre Dame-Stanford (Legends Trophy),1925,2023,37,https://en.wikipedia.org/wiki/List_of_NCAA_college_football_rivalry_games,wikipedia_table_row,confirmed_real_source
Notre Dame,USC,Notre Dame-USC,1926,2025,95,https://en.wikipedia.org/wiki/Notre_Dame%E2%80%93USC_football_rivalry,wikipedia_dedicated_article,confirmed_via_dedicated_article_no_table_row
Oregon,Oregon State,Oregon-Oregon State (Civil War),1894,2023,127,https://en.wikipedia.org/wiki/List_of_NCAA_college_football_rivalry_games,wikipedia_table_row,confirmed_real_source
Arkansas State,Memphis,Paint Bucket Bowl,1914,2023,62,https://en.wikipedia.org/wiki/List_of_NCAA_college_football_rivalry_games,wikipedia_table_row,confirmed_real_source
Penn State,Syracuse,Penn State-Syracuse,1922,2013,71,https://en.wikipedia.org/wiki/List_of_NCAA_college_football_rivalry_games,wikipedia_table_row,confirmed_real_source
Penn State,West Virginia,Penn State-West Virginia,1904,2023,60,https://en.wikipedia.org/wiki/List_of_NCAA_college_football_rivalry_games,wikipedia_table_row,confirmed_real_source
Pittsburgh,Syracuse,Pittsburgh-Syracuse,1916,2023,79,https://en.wikipedia.org/wiki/List_of_NCAA_college_football_rivalry_games,wikipedia_table_row,confirmed_real_source
Oklahoma,Texas,Red River Rivalry (Golden Hat),1900,2023,119,https://en.wikipedia.org/wiki/List_of_NCAA_college_football_rivalry_games,wikipedia_table_row,confirmed_real_source
Rice,SMU,Rice-SMU (Mayor's Cup),1916,2023,91,https://en.wikipedia.org/wiki/List_of_NCAA_college_football_rivalry_games,wikipedia_table_row,confirmed_real_source
Rice,Texas,Rice-Texas,1914,2023,97,https://en.wikipedia.org/wiki/List_of_NCAA_college_football_rivalry_games,wikipedia_table_row,confirmed_real_source
UCLA,USC,UCLA-USC,1929,2025,93,https://en.wikipedia.org/wiki/List_of_NCAA_college_football_rivalry_games,wikipedia_table_row,confirmed_real_source
Kansas,Kansas State,Sunflower Showdown,1902,2025,123,https://en.wikipedia.org/wiki/List_of_most-played_college_football_series_in_NCAA_Division_I,wikipedia_table_row,confirmed_real_source
Tennessee,Kentucky,Tennessee-Kentucky,1893,2025,121,https://en.wikipedia.org/wiki/List_of_most-played_college_football_series_in_NCAA_Division_I,wikipedia_table_row,confirmed_real_source
Tennessee,Vanderbilt,Tennessee-Vanderbilt,1892,2025,120,https://en.wikipedia.org/wiki/List_of_most-played_college_football_series_in_NCAA_Division_I,wikipedia_table_row,confirmed_real_source
LSU,Texas A&M,LSU-Texas A&M,1899,2023,55,https://en.wikipedia.org/wiki/List_of_NCAA_college_football_rivalry_games,wikipedia_table_row,confirmed_real_source
LSU,Ole Miss,Magnolia Bowl,1894,2023,84,https://en.wikipedia.org/wiki/List_of_NCAA_college_football_rivalry_games,wikipedia_table_row,confirmed_real_source
South Florida,UCF,South Florida-UCF,2005,2023,17,https://en.wikipedia.org/wiki/List_of_NCAA_college_football_rivalry_games,wikipedia_table_row,confirmed_real_source
Illinois,Northwestern,Illinois-Northwestern,1892,2023,79,https://en.wikipedia.org/wiki/List_of_NCAA_college_football_rivalry_games,wikipedia_table_row,confirmed_real_source
Illinois,Ohio State,Illinois-Ohio State,1902,2023,71,https://en.wikipedia.org/wiki/List_of_NCAA_college_football_rivalry_games,wikipedia_table_row,confirmed_real_source
Navy,Notre Dame,Navy-Notre Dame,1927,2023,96,https://en.wikipedia.org/wiki/List_of_NCAA_college_football_rivalry_games,wikipedia_table_row,confirmed_real_source
Iowa State,Kansas State,Farmageddon,1917,2023,107,https://en.wikipedia.org/wiki/List_of_NCAA_college_football_rivalry_games,wikipedia_table_row,confirmed_real_source
Florida,Florida State,Florida-Florida State (Florida Cup),1958,2023,67,https://en.wikipedia.org/wiki/List_of_NCAA_college_football_rivalry_games,wikipedia_table_row,confirmed_real_source
Florida,Georgia,Florida-Georgia (Okefenokee Oar),1915,2023,101,https://en.wikipedia.org/wiki/List_of_NCAA_college_football_rivalry_games,wikipedia_table_row,confirmed_real_source
Florida,Kentucky,Florida-Kentucky,1917,2023,74,https://en.wikipedia.org/wiki/List_of_NCAA_college_football_rivalry_games,wikipedia_table_row,confirmed_real_source
Florida,LSU,Florida-LSU,1937,2023,70,https://en.wikipedia.org/wiki/List_of_NCAA_college_football_rivalry_games,wikipedia_table_row,confirmed_real_source
Florida,Miami,Florida-Miami (Florida Cup),1938,2019,56,https://en.wikipedia.org/wiki/List_of_NCAA_college_football_rivalry_games,wikipedia_table_row,confirmed_real_source
Florida,Tennessee,Florida-Tennessee,1916,2023,53,https://en.wikipedia.org/wiki/List_of_NCAA_college_football_rivalry_games,wikipedia_table_row,confirmed_real_source
Florida State,Miami,Florida State-Miami (Florida Cup),1951,2023,68,https://en.wikipedia.org/wiki/List_of_NCAA_college_football_rivalry_games,wikipedia_table_row,confirmed_real_source
Iowa,Iowa State,Cy-Hawk Trophy,1894,2023,70,https://en.wikipedia.org/wiki/List_of_NCAA_college_football_rivalry_games,wikipedia_table_row,confirmed_real_source
Iowa,Minnesota,Iowa-Minnesota (Floyd of Rosedale),1891,2023,117,https://en.wikipedia.org/wiki/List_of_NCAA_college_football_rivalry_games,wikipedia_table_row,confirmed_real_source
Iowa,Nebraska,Iowa-Nebraska (Heroes Trophy),1891,2023,54,https://en.wikipedia.org/wiki/List_of_NCAA_college_football_rivalry_games,wikipedia_table_row,confirmed_real_source
Iowa,Wisconsin,Iowa-Wisconsin (Heartland Trophy),1894,2023,97,https://en.wikipedia.org/wiki/List_of_NCAA_college_football_rivalry_games,wikipedia_table_row,confirmed_real_source
Iowa State,Missouri,Iowa State-Missouri (Telephone Trophy),1896,2011,104,https://en.wikipedia.org/wiki/List_of_NCAA_college_football_rivalry_games,wikipedia_table_row,confirmed_real_source
Kansas,Nebraska,Kansas-Nebraska,1892,2010,117,https://en.wikipedia.org/wiki/List_of_NCAA_college_football_rivalry_games,wikipedia_table_row,confirmed_real_source
Kansas State,Nebraska,Kansas State-Nebraska,1911,2010,95,https://en.wikipedia.org/wiki/List_of_NCAA_college_football_rivalry_games,wikipedia_table_row,confirmed_real_source
Texas,Texas A&M,Texas-Texas A&M (Lone Star Showdown),1894,2025,120,https://en.wikipedia.org/wiki/Texas%E2%80%93Texas_A%26M_football_rivalry,wikipedia_dedicated_article,confirmed_via_dedicated_article_no_table_row
Texas A&M,Texas Tech,Texas A&M-Texas Tech,1927,2023,70,https://en.wikipedia.org/wiki/List_of_college_rivalries_in_the_United_States,wikipedia_dedicated_article,confirmed_via_dedicated_article_no_table_row
Rutgers,Connecticut,Rutgers-Connecticut,2003,2013,10,https://en.wikipedia.org/wiki/List_of_college_rivalries_in_the_United_States,wikipedia_dedicated_article,confirmed_via_dedicated_article_no_table_row
Pittsburgh,Cincinnati,Pittsburgh-Cincinnati,2005,2023,15,https://en.wikipedia.org/wiki/List_of_college_rivalries_in_the_United_States,wikipedia_dedicated_article,confirmed_via_dedicated_article_no_table_row
